{
    "Radio": {
        "USB": {
            "FMIFNREnabled": false,
            "bandwidth": 3000.0,
            "deempMode": "None",
            "noiseBlankerEnabled": false,
            "noiseBlankerLevel": 1.0,
            "snapInterval": 100.0,
            "squelchEnabled": false,
            "squelchLevel": -100.0
        },
        "WFM": {
            "FMIFNREnabled": false,
            "bandwidth": 150000.0,
            "deempMode": "50us",
            "noiseBlankerEnabled": false,
            "noiseBlankerLevel": 1.0,
            "snapInterval": 100000.0,
            "squelchEnabled": false,
            "squelchLevel": -100.0
        },
        "selectedDemodId": 4
    }
}